{"cameraMode":{"drawMode":0,"name":"Shaded","section":"Shading Mode"},"sceneLighting":true,"audioPlay":false,"sceneViewState":{"showFog":true,"showMaterialUpdate":false,"showSkybox":true,"showFlares":true,"showImageEffects":true,"showParticleSystems":true},"in2DMode":false,"pivot":{"x":4.305627346038818,"y":-2.1549625396728517,"z":0.9387729167938232},"rotation":{"x":0.4663340747356415,"y":0.49093368649482729,"z":-0.3552456796169281,"w":0.6444531679153442},"size":22.0,"orthographic":false}